{
    "1": {"terminal": "GND", "cable": null, "antenna": null},
    "2": {"terminal": "PIN2", "cable": null, "antenna": null},
    "3": {"terminal": "FIO6", "cable": null, "antenna": null},
    "4": {"terminal": "FIO4", "cable": null, "antenna": null},
    "5": {"terminal": "FIO2", "cable": null, "antenna": null},
    "6": {"terminal": "FIO0", "cable": null, "antenna": null},
    "7": {"terminal": "MIO1", "cable": null, "antenna": null},
    "8": {"terminal": "GND", "cable": null, "antenna": null},
    "9": {"terminal": "VM-", "cable": null, "antenna": null},
    "10": {"terminal": "GND", "cable": null, "antenna": null},
    "11": {"terminal": "DAC0", "cable": null, "antenna": null},
    "12": {"terminal": "N/C", "cable": null, "antenna": null},
    "13": {"terminal": "AIN127", "cable": "1_orange", "antenna": "p1r_orange"},
    "14": {"terminal": "AIN125", "cable": "1_green", "antenna": "p1r_green"},
    "15": {"terminal": "AIN123", "cable": "1_blue", "antenna": "p1r_blue"},
    "16": {"terminal": "AIN121", "cable": "1_brown", "antenna": "p1r_brown"},
    "17": {"terminal": "AIN3", "cable": "0_orange", "antenna": null},
    "18": {"terminal": "AIN1", "cable": "0_orange", "antenna": null},
    "19": {"terminal": "GND", "cable": null, "antenna": null},
    "20": {"terminal": "PIN20", "cable": null, "antenna": null},
    "21": {"terminal": "FIO7", "cable": null, "antenna": null},
    "22": {"terminal": "FIO5", "cable": null, "antenna": null},
    "23": {"terminal": "FIO3", "cable": null, "antenna": null},
    "24": {"terminal": "FIO1", "cable": null, "antenna": null},
    "25": {"terminal": "MIO0", "cable": null, "antenna": null},
    "26": {"terminal": "MIO2", "cable": null, "antenna": null},
    "27": {"terminal": "VS", "cable": null, "antenna": null},
    "28": {"terminal": "VM+", "cable": null, "antenna": null},
    "29": {"terminal": "DAC1", "cable": null, "antenna": null},
    "30": {"terminal": "AGND", "cable": null, "antenna": null},
    "31": {"terminal": "N/C", "cable": null, "antenna": null},
    "32": {"terminal": "AIN126", "cable": "2_orange", "antenna": "p1c_orange"},
    "33": {"terminal": "AIN124", "cable": "2_green", "antenna": "p1c_green"},
    "34": {"terminal": "AIN122", "cable": "2_blue", "antenna": "p1c_blue"},
    "35": {"terminal": "AIN120", "cable": "2_brown", "antenna": "p1c_brown"},
    "36": {"terminal": "AIN2", "cable": "0_blue", "antenna": null},
    "37": {"terminal": "AIN0", "cable": "0_brown", "antenna": null}
}
