{
    "1": {"terminal": "GND", "cable": null, "antenna": null},
    "2": {"terminal": "N/C", "cable": null, "antenna": null},
    "3": {"terminal": "AIN70", "cable": "3_orange", "antenna": "p2r_orange"},
    "4": {"terminal": "AIN68", "cable": "3_green", "antenna": "p2r_green"},
    "5": {"terminal": "AIN66", "cable": "3_blue", "antenna": "p2r_blue"},
    "6": {"terminal": "AIN64", "cable": "3_brown", "antenna": "p2r_brown"},
    "7": {"terminal": "N/C", "cable": null, "antenna": null},
    "8": {"terminal": "GND", "cable": null, "antenna": null},
    "9": {"terminal": "VM-", "cable": null, "antenna": null},
    "10": {"terminal": "GND", "cable": null, "antenna": null},
    "11": {"terminal": "AIN62", "cable": "4_orange", "antenna": "p2c_orange"},
    "12": {"terminal": "AIN61", "cable": "4_green", "antenna": "p2c_green"},
    "13": {"terminal": "AIN59", "cable": "4_blue", "antenna": "p2c_blue"},
    "14": {"terminal": "AIN57", "cable": "4_brown", "antenna": "p2c_brown"},
    "15": {"terminal": "AIN55", "cable": "5_orange", "antenna": "p3r_orange"},
    "16": {"terminal": "AIN53", "cable": "5_green", "antenna": "p3r_green"},
    "17": {"terminal": "AIN51", "cable": "5_blue", "antenna": "p3r_blue"},
    "18": {"terminal": "AIN49", "cable": "5_brown", "antenna": "p3r_brown"},
    "19": {"terminal": "GND", "cable": null, "antenna": null},
    "20": {"terminal": "N/C", "cable": null, "antenna": null},
    "21": {"terminal": "AIN71", "cable": "6_orange", "antenna": "p3c_orange"},
    "22": {"terminal": "AIN69", "cable": "6_green", "antenna": "p3c_green"},
    "23": {"terminal": "AIN67", "cable": "6_blue", "antenna": "p3c_blue"},
    "24": {"terminal": "AIN65", "cable": "6_brown", "antenna": "p3c_brown"},
    "25": {"terminal": "N/C", "cable": null, "antenna": null},
    "26": {"terminal": "N/C", "cable": null, "antenna": null},
    "27": {"terminal": "VS", "cable": null, "antenna": null},
    "28": {"terminal": "VM+", "cable": null, "antenna": null},
    "29": {"terminal": "AIN63", "cable": "7_orange", "antenna": "p4r_orange"},
    "30": {"terminal": "AGND", "cable": null, "antenna": null},
    "31": {"terminal": "AIN60", "cable": "7_green", "antenna": "p4r_green"},
    "32": {"terminal": "AIN58", "cable": "7_blue", "antenna": "p4r_blue"},
    "33": {"terminal": "AIN56", "cable": "7_brown", "antenna": "p4r_brown"},
    "34": {"terminal": "AIN54", "cable": "8_orange", "antenna": "p4c_orange"},
    "35": {"terminal": "AIN52", "cable": "8_green", "antenna": "p4c_green"},
    "36": {"terminal": "AIN50", "cable": "8_blue", "antenna": "p4c_blue"},
    "37": {"terminal": "AIN48", "cable": "8_brown", "antenna": "p4c_brown"}
}
