{
    "1": {"terminal": "GND", "cable": null, "antenna": null},
    "2": {"terminal": "N/C", "cable": null, "antenna": null},
    "3": {"terminal": "AIN94", "cable": "9_orange", "antenna": "p5r_orange"},
    "4": {"terminal": "AIN92", "cable": "9_green", "antenna": "p5r_green"},
    "5": {"terminal": "AIN90", "cable": "9_blue", "antenna": "p5r_blue"},
    "6": {"terminal": "AIN88", "cable": "9_brown", "antenna": "p5r_brown"},
    "7": {"terminal": "N/C", "cable": null, "antenna": null},
    "8": {"terminal": "GND", "cable": null, "antenna": null},
    "9": {"terminal": "VM-", "cable": null, "antenna": null},
    "10": {"terminal": "GND", "cable": null, "antenna": null},
    "11": {"terminal": "AIN86", "cable": "10_orange", "antenna": "p5c_orange"},
    "12": {"terminal": "AIN85", "cable": "10_green", "antenna": "p5c_green"},
    "13": {"terminal": "AIN83", "cable": "10_blue", "antenna": "p5c_blue"},
    "14": {"terminal": "AIN81", "cable": "10_brown", "antenna": "p5c_brown"},
    "15": {"terminal": "AIN79", "cable": "11_orange", "antenna": "p6r_orange"},
    "16": {"terminal": "AIN77", "cable": "11_green", "antenna": "p6r_green"},
    "17": {"terminal": "AIN75", "cable": "11_blue", "antenna": "p6r_blue"},
    "18": {"terminal": "AIN73", "cable": "11_brown", "antenna": "p6r_brown"},
    "19": {"terminal": "GND", "cable": null, "antenna": null},
    "20": {"terminal": "N/C", "cable": null, "antenna": null},
    "21": {"terminal": "AIN95", "cable": "12_orange", "antenna": "p6c_orange"},
    "22": {"terminal": "AIN93", "cable": "12_green", "antenna": "p6c_green"},
    "23": {"terminal": "AIN91", "cable": "12_blue", "antenna": "p6c_blue"},
    "24": {"terminal": "AIN89", "cable": "12_brown", "antenna": "p6c_brown"},
    "25": {"terminal": "N/C", "cable": null, "antenna": null},
    "26": {"terminal": "N/C", "cable": null, "antenna": null},
    "27": {"terminal": "VS", "cable": null, "antenna": null},
    "28": {"terminal": "VM+", "cable": null, "antenna": null},
    "29": {"terminal": "AIN87", "cable": "13_orange", "antenna": "p7r_orange"},
    "30": {"terminal": "AGND", "cable": null, "antenna": null},
    "31": {"terminal": "AIN84", "cable": "13_green", "antenna": "p7r_green"},
    "32": {"terminal": "AIN82", "cable": "13_blue", "antenna": "p7r_blue"},
    "33": {"terminal": "AIN80", "cable": "13_brown", "antenna": "p7r_brown"},
    "34": {"terminal": "AIN78", "cable": "14_orange", "antenna": "p7c_orange"},
    "35": {"terminal": "AIN76", "cable": "14_green", "antenna": "p7c_green"},
    "36": {"terminal": "AIN74", "cable": "14_blue", "antenna": "p7c_blue"},
    "37": {"terminal": "AIN72", "cable": "14_brown", "antenna": "p7c_brown"}
}
