{
    "1": {"terminal": "GND", "cable": null, "antenna": null},
    "2": {"terminal": "N/C", "cable": null, "antenna": null},
    "3": {"terminal": "AIN118", "cable": "15_orange", "antenna": "p8r_orange"},
    "4": {"terminal": "AIN116", "cable": "15_green", "antenna": "p8r_green"},
    "5": {"terminal": "AIN114", "cable": "15_blue", "antenna": "p8r_blue"},
    "6": {"terminal": "AIN112", "cable": "15_brown", "antenna": "p8r_brown"},
    "7": {"terminal": "N/C", "cable": null, "antenna": null},
    "8": {"terminal": "GND", "cable": null, "antenna": null},
    "9": {"terminal": "VM-", "cable": null, "antenna": null},
    "10": {"terminal": "GND", "cable": null, "antenna": null},
    "11": {"terminal": "AIN110", "cable": "16_orange", "antenna": "p8c_orange"},
    "12": {"terminal": "AIN109", "cable": "16_green", "antenna": "p8c_green"},
    "13": {"terminal": "AIN107", "cable": "16_blue", "antenna": "p8c_blue"},
    "14": {"terminal": "AIN105", "cable": "16_brown", "antenna": "p8c_brown"},
    "15": {"terminal": "AIN103", "cable": "17_orange", "antenna": "air_orange"},
    "16": {"terminal": "AIN101", "cable": "17_green", "antenna": "air_green"},
    "17": {"terminal": "AIN99", "cable": "17_blue", "antenna": "air_blue"},
    "18": {"terminal": "AIN97", "cable": "17_brown", "antenna": "air_brown"},
    "19": {"terminal": "GND", "cable": null, "antenna": null},
    "20": {"terminal": "N/C", "cable": null, "antenna": null},
    "21": {"terminal": "AIN119", "cable": "18_orange", "antenna": "feed_orange"},
    "22": {"terminal": "AIN117", "cable": "18_green", "antenna": "feed_green"},
    "23": {"terminal": "AIN115", "cable": "18_blue", "antenna": "feed_blue"},
    "24": {"terminal": "AIN113", "cable": "18_brown", "antenna": "feed_brown"},
    "25": {"terminal": "N/C", "cable": null, "antenna": null},
    "26": {"terminal": "N/C", "cable": null, "antenna": null},
    "27": {"terminal": "VS", "cable": null, "antenna": null},
    "28": {"terminal": "VM+", "cable": null, "antenna": null},
    "29": {"terminal": "AIN111", "cable": "19_orange", "antenna": "mount_orange"},
    "30": {"terminal": "AGND", "cable": null, "antenna": null},
    "31": {"terminal": "AIN108", "cable": "19_green", "antenna": "mount_green"},
    "32": {"terminal": "AIN106", "cable": "19_blue", "antenna": "mount_blue"},
    "33": {"terminal": "AIN104", "cable": "19_brown", "antenna": "mount_brown"},
    "34": {"terminal": "AIN102", "cable": "20_orange", "antenna": "octbox_orange"},
    "35": {"terminal": "AIN100", "cable": "20_green", "antenna": "octbox_green"},
    "36": {"terminal": "AIN98", "cable": "20_blue", "antenna": "octbox_blue"},
    "37": {"terminal": "AIN96", "cable": "20_brown", "antenna": "octbox_brown"}
}
