{
  "x2": {
    "13": {
      "terminal": "AIN127",
      "cable": "1_orange",
      "antenna": "p1r_orange",
      "voltage": 1.1618931293487549
    },
    "14": {
      "terminal": "AIN125",
      "cable": "1_green",
      "antenna": "p1r_green",
      "voltage": 1.1529048681259155
    },
    "15": {
      "terminal": "AIN123",
      "cable": "1_blue",
      "antenna": "p1r_blue",
      "voltage": 1.1409205198287964
    },
    "16": {
      "terminal": "AIN121",
      "cable": "1_brown",
      "antenna": "p1r_brown",
      "voltage": 1.1207363605499268
    },
    "17": {
      "terminal": "AIN3",
      "cable": "0_orange",
      "antenna": null,
      "voltage": 2.497753858566284
    },
    "18": {
      "terminal": "AIN1",
      "cable": "0_orange",
      "antenna": null,
      "voltage": 2.4976749420166016
    },
    "32": {
      "terminal": "AIN126",
      "cable": "2_orange",
      "antenna": "p1c_orange",
      "voltage": 1.1753754615783691
    },
    "33": {
      "terminal": "AIN124",
      "cable": "2_green",
      "antenna": "p1c_green",
      "voltage": 1.174823522567749
    },
    "34": {
      "terminal": "AIN122",
      "cable": "2_blue",
      "antenna": "p1c_blue",
      "voltage": 0.20945262908935547
    },
    "35": {
      "terminal": "AIN120",
      "cable": "2_brown",
      "antenna": "p1c_brown",
      "voltage": 1.1219189167022705
    },
    "36": {
      "terminal": "AIN2",
      "cable": "0_blue",
      "antenna": null,
      "voltage": 0.0003572637215256691
    },
    "37": {
      "terminal": "AIN0",
      "cable": "0_brown",
      "antenna": null,
      "voltage": 0.00027841932023875415
    }
  },
  "x3": {
    "3": {
      "terminal": "AIN70",
      "cable": "3_orange",
      "antenna": "p2r_orange",
      "voltage": 1.1634700298309326
    },
    "4": {
      "terminal": "AIN68",
      "cable": "3_green",
      "antenna": "p2r_green",
      "voltage": 1.1562162637710571
    },
    "5": {
      "terminal": "AIN66",
      "cable": "3_blue",
      "antenna": "p2r_blue",
      "voltage": 1.1423397064208984
    },
    "6": {
      "terminal": "AIN64",
      "cable": "3_brown",
      "antenna": "p2r_brown",
      "voltage": 1.1197112798690796
    },
    "11": {
      "terminal": "AIN62",
      "cable": "4_orange",
      "antenna": "p2c_orange",
      "voltage": 1.176163911819458
    },
    "12": {
      "terminal": "AIN61",
      "cable": "4_green",
      "antenna": "p2c_green",
      "voltage": 1.1707236766815186
    },
    "13": {
      "terminal": "AIN59",
      "cable": "4_blue",
      "antenna": "p2c_blue",
      "voltage": 1.1484895944595337
    },
    "14": {
      "terminal": "AIN57",
      "cable": "4_brown",
      "antenna": "p2c_brown",
      "voltage": 1.122786283493042
    },
    "15": {
      "terminal": "AIN55",
      "cable": "5_orange",
      "antenna": "p3r_orange",
      "voltage": 1.1656776666641235
    },
    "16": {
      "terminal": "AIN53",
      "cable": "5_green",
      "antenna": "p3r_green",
      "voltage": 1.1592912673950195
    },
    "17": {
      "terminal": "AIN51",
      "cable": "5_blue",
      "antenna": "p3r_blue",
      "voltage": 1.1444684267044067
    },
    "18": {
      "terminal": "AIN49",
      "cable": "5_brown",
      "antenna": "p3r_brown",
      "voltage": 1.126491904258728
    },
    "21": {
      "terminal": "AIN71",
      "cable": "6_orange",
      "antenna": "p3c_orange",
      "voltage": 1.1735620498657227
    },
    "22": {
      "terminal": "AIN69",
      "cable": "6_green",
      "antenna": "p3c_green",
      "voltage": 1.1707236766815186
    },
    "23": {
      "terminal": "AIN67",
      "cable": "6_blue",
      "antenna": "p3c_blue",
      "voltage": 1.148410677909851
    },
    "24": {
      "terminal": "AIN65",
      "cable": "6_brown",
      "antenna": "p3c_brown",
      "voltage": 1.1295669078826904
    },
    "29": {
      "terminal": "AIN63",
      "cable": "7_orange",
      "antenna": "p4r_orange",
      "voltage": 1.1685948371887207
    },
    "31": {
      "terminal": "AIN60",
      "cable": "7_green",
      "antenna": "p4r_green",
      "voltage": 1.1596065759658813
    },
    "32": {
      "terminal": "AIN58",
      "cable": "7_blue",
      "antenna": "p4r_blue",
      "voltage": 1.1457300186157227
    },
    "33": {
      "terminal": "AIN56",
      "cable": "7_brown",
      "antenna": "p4r_brown",
      "voltage": 1.1324052810668945
    },
    "34": {
      "terminal": "AIN54",
      "cable": "8_orange",
      "antenna": "p4c_orange",
      "voltage": 1.1808946132659912
    },
    "35": {
      "terminal": "AIN52",
      "cable": "8_green",
      "antenna": "p4c_green",
      "voltage": 1.1709601879119873
    },
    "36": {
      "terminal": "AIN50",
      "cable": "8_blue",
      "antenna": "p4c_blue",
      "voltage": 1.1484895944595337
    },
    "37": {
      "terminal": "AIN48",
      "cable": "8_brown",
      "antenna": "p4c_brown",
      "voltage": 1.1316956281661987
    }
  },
  "x4": {
    "3": {
      "terminal": "AIN94",
      "cable": "9_orange",
      "antenna": "p5r_orange",
      "voltage": 1.1743505001068115
    },
    "4": {
      "terminal": "AIN92",
      "cable": "9_green",
      "antenna": "p5r_green",
      "voltage": 1.1682006120681763
    },
    "5": {
      "terminal": "AIN90",
      "cable": "9_blue",
      "antenna": "p5r_blue",
      "voltage": 1.1474645137786865
    },
    "6": {
      "terminal": "AIN88",
      "cable": "9_brown",
      "antenna": "p5r_brown",
      "voltage": 1.126965045928955
    },
    "11": {
      "terminal": "AIN86",
      "cable": "10_orange",
      "antenna": "p5c_orange",
      "voltage": 1.18523108959198
    },
    "12": {
      "terminal": "AIN85",
      "cable": "10_green",
      "antenna": "p5c_green",
      "voltage": 1.2196860313415527
    },
    "13": {
      "terminal": "AIN83",
      "cable": "10_blue",
      "antenna": "p5c_blue",
      "voltage": 1.1649680137634277
    },
    "14": {
      "terminal": "AIN81",
      "cable": "10_brown",
      "antenna": "p5c_brown",
      "voltage": 1.1227073669433594
    },
    "15": {
      "terminal": "AIN79",
      "cable": "11_orange",
      "antenna": "p6r_orange",
      "voltage": 1.1665449142456055
    },
    "16": {
      "terminal": "AIN77",
      "cable": "11_green",
      "antenna": "p6r_green",
      "voltage": 1.1649680137634277
    },
    "17": {
      "terminal": "AIN75",
      "cable": "11_blue",
      "antenna": "p6r_blue",
      "voltage": 1.1481741666793823
    },
    "18": {
      "terminal": "AIN73",
      "cable": "11_brown",
      "antenna": "p6r_brown",
      "voltage": 1.1247574090957642
    },
    "21": {
      "terminal": "AIN95",
      "cable": "12_orange",
      "antenna": "p6c_orange",
      "voltage": 1.171669840812683
    },
    "22": {
      "terminal": "AIN93",
      "cable": "12_green",
      "antenna": "p6c_green",
      "voltage": 1.1741139888763428
    },
    "23": {
      "terminal": "AIN91",
      "cable": "12_blue",
      "antenna": "p6c_blue",
      "voltage": 1.1477011442184448
    },
    "24": {
      "terminal": "AIN89",
      "cable": "12_brown",
      "antenna": "p6c_brown",
      "voltage": 1.1234170198440552
    },
    "29": {
      "terminal": "AIN87",
      "cable": "13_orange",
      "antenna": "p7r_orange",
      "voltage": 1.1629180908203125
    },
    "31": {
      "terminal": "AIN84",
      "cable": "13_green",
      "antenna": "p7r_green",
      "voltage": 1.1653622388839722
    },
    "32": {
      "terminal": "AIN82",
      "cable": "13_blue",
      "antenna": "p7r_blue",
      "voltage": 1.1440742015838623
    },
    "33": {
      "terminal": "AIN80",
      "cable": "13_brown",
      "antenna": "p7r_brown",
      "voltage": 1.1273592710494995
    },
    "34": {
      "terminal": "AIN78",
      "cable": "14_orange",
      "antenna": "p7c_orange",
      "voltage": 1.166071891784668
    },
    "35": {
      "terminal": "AIN76",
      "cable": "14_green",
      "antenna": "p7c_green",
      "voltage": 1.1719063520431519
    },
    "36": {
      "terminal": "AIN74",
      "cable": "14_blue",
      "antenna": "p7c_blue",
      "voltage": 1.1492780447006226
    },
    "37": {
      "terminal": "AIN72",
      "cable": "14_brown",
      "antenna": "p7c_brown",
      "voltage": 1.1287784576416016
    }
  },
  "x5": {
    "3": {
      "terminal": "AIN118",
      "cable": "15_orange",
      "antenna": "p8r_orange",
      "voltage": 1.1600008010864258
    },
    "4": {
      "terminal": "AIN116",
      "cable": "15_green",
      "antenna": "p8r_green",
      "voltage": 1.1526682376861572
    },
    "5": {
      "terminal": "AIN114",
      "cable": "15_blue",
      "antenna": "p8r_blue",
      "voltage": 1.140526294708252
    },
    "6": {
      "terminal": "AIN112",
      "cable": "15_brown",
      "antenna": "p8r_brown",
      "voltage": 1.129251480102539
    },
    "11": {
      "terminal": "AIN110",
      "cable": "16_orange",
      "antenna": "p8c_orange",
      "voltage": 1.1678063869476318
    },
    "12": {
      "terminal": "AIN109",
      "cable": "16_green",
      "antenna": "p8c_green",
      "voltage": 1.1708024740219116
    },
    "13": {
      "terminal": "AIN107",
      "cable": "16_blue",
      "antenna": "p8c_blue",
      "voltage": 1.1496721506118774
    },
    "14": {
      "terminal": "AIN105",
      "cable": "16_brown",
      "antenna": "p8c_brown",
      "voltage": 1.1357167959213257
    },
    "15": {
      "terminal": "AIN103",
      "cable": "17_orange",
      "antenna": "air_orange",
      "voltage": 0.1487424373626709
    },
    "16": {
      "terminal": "AIN101",
      "cable": "17_green",
      "antenna": "air_green",
      "voltage": 1.1753754615783691
    },
    "17": {
      "terminal": "AIN99",
      "cable": "17_blue",
      "antenna": "air_blue",
      "voltage": 1.1522741317749023
    },
    "18": {
      "terminal": "AIN97",
      "cable": "17_brown",
      "antenna": "air_brown",
      "voltage": 1.147779941558838
    },
    "21": {
      "terminal": "AIN119",
      "cable": "18_orange",
      "antenna": "feed_orange",
      "voltage": 1.1509337425231934
    },
    "22": {
      "terminal": "AIN117",
      "cable": "18_green",
      "antenna": "feed_green",
      "voltage": 1.1560585498809814
    },
    "23": {
      "terminal": "AIN115",
      "cable": "18_blue",
      "antenna": "feed_blue",
      "voltage": 1.1078846454620361
    },
    "24": {
      "terminal": "AIN113",
      "cable": "18_brown",
      "antenna": "feed_brown",
      "voltage": 1.1500663757324219
    },
    "29": {
      "terminal": "AIN111",
      "cable": "19_orange",
      "antenna": "mount_orange",
      "voltage": 1.045282244682312
    },
    "31": {
      "terminal": "AIN108",
      "cable": "19_green",
      "antenna": "mount_green",
      "voltage": 1.1044155359268188
    },
    "32": {
      "terminal": "AIN106",
      "cable": "19_blue",
      "antenna": "mount_blue",
      "voltage": 1.1195536851882935
    },
    "33": {
      "terminal": "AIN104",
      "cable": "19_brown",
      "antenna": "mount_brown",
      "voltage": 1.0118521451950073
    },
    "34": {
      "terminal": "AIN102",
      "cable": "20_orange",
      "antenna": "octbox_orange",
      "voltage": 1.1312226057052612
    },
    "35": {
      "terminal": "AIN100",
      "cable": "20_green",
      "antenna": "octbox_green",
      "voltage": 1.126491904258728
    },
    "36": {
      "terminal": "AIN98",
      "cable": "20_blue",
      "antenna": "octbox_blue",
      "voltage": 1.133351445198059
    },
    "37": {
      "terminal": "AIN96",
      "cable": "20_brown",
      "antenna": "octbox_brown",
      "voltage": 1.1243631839752197
    }
  }
}